entity_count_real,entity_count_total,density_log,active_rate,capital_median,capital_mean,capital_max,sector_diversity,formal_ratio,sarl_count,sa_count,vitality,weighted_capital,gps_quality,city_avg_density,city_avg_active,city_avg_capital,city_n_sectors,rel_density,rel_capital,city_Casablanca,city_El Jadida,city_Mohammedia,city_Settat,sector_main_Commerce,sector_main_Construction,sector_main_Education,sector_main_Finance,sector_main_Healthcare,sector_main_Information Technology,sector_main_Manufacturing,sector_main_Other,sector_main_Professional Services,sector_main_Real Estate,sector_main_Tourism & Hospitality,sector_main_Transport
0.02547866,-0.011544919,0.0,2.3956552,-0.37159494,-0.014517922,0.0862887,-0.9812113,-1.2907169,-0.13131022,-0.030865377,-7.075281,0.2816719,0.00051235216,0.003764327,0.0045360015,-0.0033365597,-0.00019203807,-0.08201502,-0.0022922247,0.0,0.0,0.0,0.0,-0.0037683954,0.0024234327,-0.001955037,0.0014656944,0.0001907443,0.01013009,-0.0038796072,0.0007814834,-0.0018330374,-0.027558941,-0.00037285613,-0.0028484862
-0.37820852,-0.019256584,0.0,-2.1286373,-0.13938908,-0.019918501,0.004804777,-0.050138954,-0.6792099,-0.13651289,-0.018011894,-17.379683,-0.3068525,0.00051235216,0.0143164415,0.0056282612,-0.001892492,-0.00069957506,-0.034286756,-0.0013854494,0.0,0.0,0.0,0.0,-0.003941006,0.0019435524,0.00015508372,0.0030446402,0.032309543,0.0028125877,-0.003552375,0.0009432761,-0.00019858926,0.0007871135,-0.0009877719,0.003079091
0.005947495,-0.008489361,0.0,1.697826,-0.19129051,0.043017585,0.0059505957,0.20392995,0.44874564,-0.07170481,-0.039167773,2.8150716,0.3445628,0.00051235216,0.0043975906,0.00440321,-0.0008586782,-0.00030929665,-0.013692963,-0.00026738484,0.0,0.0,0.0,0.0,-0.0038311991,0.006019166,-0.0006066673,0.0015038186,-0.0010730574,-0.0001715017,-0.0019444269,0.0006694608,-0.0003235837,0.0008385937,-7.4534337e-06,-0.08493865
0.4761384,0.016284676,0.0,0.8042656,-0.07162842,0.15062349,0.011849628,-0.41348365,1.4121674,1.433163,0.23393336,29.59581,0.23810658,0.0026254081,0.002112065,0.005063823,-0.0005609132,-0.00037489523,0.39267027,0.0011431031,0.0,0.0,0.0,0.0,0.038916767,0.008071358,-0.0018712365,0.0013481122,-0.0011448173,0.07525344,-0.0021687567,0.003057979,0.0028300765,0.015347824,-0.0008641657,0.003761365
0.0118605625,-0.011217287,0.0,-2.362824,-0.09045356,-0.012473308,0.001940801,-0.745085,-0.74631125,-0.1308704,-0.01958541,-25.527475,-0.03930276,0.00051235216,0.014670943,0.0056321505,-0.017163076,-0.0006824753,-0.081885405,-0.0012612707,0.0,0.0,0.0,0.0,-0.0038983938,0.0021113215,-0.0027687522,0.0030291001,0.028839836,0.002838294,-0.0018512949,0.001134863,0.0013102356,-0.0028659578,-0.0004082945,0.00798003
-0.03518038,-0.00999919,0.0,-5.339151,-0.21260585,-0.19717829,0.047089636,-0.045006707,-0.8051641,-0.1392789,-0.014168101,-7.267466,0.03750683,0.00051235216,-0.23426214,-0.028403124,6.520173e-05,-0.0006619118,-0.04978372,-0.000378775,0.0,0.0,0.0,0.0,-0.0032442105,0.0045672785,-0.0017244549,0.002909052,0.009379222,0.0013513125,-0.0064751646,-0.00036534847,0.0029678817,-0.000639202,-0.002425225,0.07720112
-0.089415714,-0.009389582,0.0,2.4884338,-0.3705608,-0.08346965,-0.05363796,1.6617345,-1.3861889,-0.14570446,-0.026767965,-6.488702,0.28036302,0.00051235216,0.0053058667,0.004393099,-0.0006528268,-0.00010360523,-0.10984384,-0.002143828,0.0,0.0,0.0,0.0,-0.0028175034,0.0031685669,-0.00087019824,0.0014015783,-0.00051197933,0.012802658,-0.0066803815,8.424392e-05,-0.0022646238,0.0027288843,-0.0016209133,-0.03525979
0.015950315,0.002756649,0.0,1.0516421,-0.09947444,-0.12262865,-0.05454604,-0.8725788,0.14706291,-0.08304904,0.03945266,19.154522,0.31723318,0.0012775246,0.0022311744,0.005226376,0.00093920314,-0.00038051288,0.15790871,-0.0010001302,0.0,0.0,0.0,0.0,-0.00043034367,0.0011327703,-0.00440072,0.0028077788,-0.0002990944,-0.023997882,-0.002492556,0.003010077,-0.00017176899,0.006181781,0.005969521,0.00045633467
-0.08795954,0.0077519333,0.0,0.83185375,-0.09934291,-0.015640292,0.007192461,0.3606862,0.2518108,-0.2936793,-0.077466555,15.253128,0.20452188,0.0012775246,0.006594765,0.0077630486,-0.0005519203,-0.00021875827,-0.046399135,-0.00043808142,0.0,0.0,0.0,0.0,-0.008808903,0.005014444,0.0004400096,0.002783754,0.0022634435,-0.023751702,-0.0031875968,0.0060685943,-0.0048015984,0.0018676748,-0.0005743042,-0.0053626373
-0.03582098,0.00028171975,0.0,0.8885925,-0.09885894,0.04058898,0.0169142,0.36009294,0.46231148,-0.17810594,0.055707127,12.6981735,0.19476067,0.0012775246,0.0060664597,0.0049646143,-0.00055547844,-0.00030084068,-0.05717193,-0.0006909939,0.0,0.0,0.0,0.0,-0.013448986,0.005104046,0.00052548485,0.002816926,7.9067395e-05,0.003115598,0.04782978,0.00027316427,-0.0048591746,0.0036616588,3.0845025e-05,0.0038142998
-0.054933414,0.0057850587,0.0,0.49895424,-0.098475605,0.03141357,-0.1193907,-0.0032478815,0.26493025,0.6798963,0.0696189,17.651043,0.18977353,0.0012775246,0.003521849,0.0067387037,-0.00055595714,-0.00021559431,0.100202195,-0.0004691947,0.0,0.0,0.0,0.0,-0.0043529165,0.0020010541,0.0006565613,0.004285949,-0.0012231702,-0.013994741,-0.0019317026,0.0022928037,-0.0031414807,0.008653601,-0.0003182199,0.0053268583
-0.13752924,-0.01478924,0.0,2.2172422,-0.31079876,-0.14419432,-0.052437305,0.7717473,0.5121443,-0.15726082,-0.037651874,-3.4261625,-0.17516695,0.00051235216,0.0042576934,0.0048181238,-0.0008033866,-0.00014643137,-0.063214354,-0.0018131698,0.0,0.0,0.0,0.0,-0.0045191394,0.0050391224,-0.002769756,0.0018029934,-0.00045729533,0.001213214,-0.008972097,-0.0019501032,0.054029893,0.005167059,-0.0036705842,0.0038135983
0.72497326,0.13871908,0.0,-1.7449687,-0.068707295,0.019350396,0.0059307558,-0.87395895,-0.6383005,-0.1081356,-0.031876918,13.7848425,-0.0996585,0.008038222,-0.07844597,-0.016983189,0.00091123284,-0.00019834038,0.8541861,-0.010847015,0.0,0.0,0.0,0.0,-0.007925602,-0.0012819964,-0.0050712763,0.0035304842,-0.028189639,0.002967603,-0.001261562,0.0008528475,0.0031741604,0.004939338,-0.00011222052,0.012533168
-0.14559264,-0.00794654,0.0,1.6982954,-0.19150335,-0.1331167,0.042570923,-0.21944602,1.9072528,-0.0416875,-0.004364757,2.3809674,0.33355764,0.00051235216,0.003151491,0.004559918,-0.0008957537,-0.00021957872,-0.04743275,-0.0006763308,0.0,0.0,0.0,0.0,-0.003216081,0.0070890877,-0.0005478263,0.0015314595,-0.00079789857,-0.012856102,-0.005256831,0.000318738,0.034852132,0.006445881,-0.0017850009,0.0060580545
0.48323867,0.016682545,0.0,0.91344166,-0.070877016,0.013732141,0.012173001,0.355326,1.2324234,1.2728149,0.19529378,29.391823,0.26314053,0.0026254081,0.00068308646,0.0047193207,-0.0005519203,-0.00038074047,0.3433956,0.0024560012,0.0,0.0,0.0,0.0,0.06565683,0.0067836135,0.0005830147,0.0013217566,-0.0012727623,0.076735124,-0.002404474,-0.0001406577,-0.0038100109,0.014554832,-0.00093482353,0.0053547425
-0.076147005,-0.00798642,0.0,1.3653529,0.6273224,0.112355664,-0.05095934,-0.6621464,0.60268503,-0.0587967,-0.010397818,8.76672,0.72666794,0.00051235216,0.00024312848,0.0040593618,-0.0008670229,-0.00029018996,0.022585483,0.013155393,0.0,0.0,0.0,0.0,-0.0056762258,0.016646372,-0.00085995824,0.0051065367,0.00014967952,0.0004988466,-0.001706871,-0.001967043,0.0017795574,0.006481236,-0.0031120605,0.012904643
0.0069741183,0.010192326,0.0,0.7961466,-0.10052293,-0.10551863,0.019654147,-0.089467056,0.2969657,-0.11211071,0.076847345,16.854935,0.21315491,0.0012775246,0.0059492444,0.0050363424,-0.0005644713,-0.00032355957,-0.0077491645,0.0015584107,0.0,0.0,0.0,0.0,0.046916697,0.0037549047,-5.646143e-06,0.0028225803,-0.0009422378,0.0022704974,-0.0038176754,0.0008835898,-0.0029387586,0.004830443,-3.5994148e-05,0.00435516
0.0018279707,-0.014345588,0.0,-0.22447135,-0.22327432,-0.100292906,-0.0025389486,0.82075673,0.83266515,-0.23931494,0.0101753585,1.2556689,-0.22476666,0.00051235216,0.0068112873,0.0043469514,-0.0008550678,-0.00017981285,0.039641574,-0.0014283867,0.0,0.0,0.0,0.0,-0.0016650632,0.0035237924,-0.0001155169,0.0029962123,-0.00061338407,0.001337083,-0.0064546014,0.0020219125,-0.003957053,0.0036917995,-0.0024226692,-0.029793615
-0.027749399,-0.008665514,0.0,1.4699146,-0.17972872,-0.030946145,0.067996494,-0.7741218,-1.2358462,-0.21901836,-0.032716814,3.6412985,0.2715802,0.00051235216,0.002181154,0.0049612983,-0.0009075975,-0.0003569529,0.028988836,-0.001353152,0.0,0.0,0.0,0.0,-0.003562565,0.004031649,-0.002261377,0.0015231847,-0.0008549539,0.0120525565,-0.0019467163,-2.5702728e-05,0.0047140215,0.0008429068,-0.0015149241,0.0053735594
-0.21304469,-0.013789752,0.0,1.4113263,-0.2320143,-0.11287191,-0.016796473,-0.73522353,-1.0496708,-0.26767978,-0.033980172,2.856929,-0.116707526,0.00051235216,-0.0050748554,0.005304637,-0.0007675569,-9.829911e-05,-0.07829856,-0.0011182593,0.0,0.0,0.0,0.0,-0.007211623,0.0018110492,-0.002623125,-0.036583856,0.00071859924,0.008997227,-0.0017305267,-0.00015621237,0.003643933,0.0016659123,-0.00275572,0.002795452
-0.044845264,-0.0073384824,0.0,0.87264705,-0.117769495,-0.041515183,0.0013422057,0.62069875,-0.49484634,-0.08327702,-0.06845827,7.206555,0.35204595,0.00051235216,0.0064732092,0.005777702,-0.00055547844,-0.00013496431,-0.043280397,-0.0005646124,0.0,0.0,0.0,0.0,-0.012586792,-0.04209245,0.0004797978,0.0050795623,-0.00045821336,0.004304215,-0.0038396097,0.00090939825,-0.002884459,0.0016273187,-0.0030773494,0.0047485954
-0.056792628,-0.00641123,0.0,2.1990557,-0.2392788,-0.35417697,0.03270713,0.31819,2.9893854,-0.07702543,0.0025670868,-2.1425695,0.32459873,0.00051235216,0.00066776964,0.0048991116,-0.00083096855,-0.00027711445,-0.08982263,0.00012847364,0.0,0.0,0.0,0.0,-0.015233339,0.006916738,-0.0019787755,0.0014597632,-0.0009896865,9.634949e-05,0.056796864,-0.010745754,0.0018406621,0.006749155,-0.0015203808,0.006016912
-0.1762839,-0.010818407,0.0,-2.434772,-0.08524679,-0.010516294,0.008100865,0.54176515,-0.5648801,-0.21512477,-0.022138612,-28.532606,-0.005796303,0.00051235216,0.004229148,0.0794827,-0.010442924,-0.00029844692,-0.09845625,-0.001224375,0.0,0.0,0.0,0.0,-0.004144557,0.0026617437,-0.00096306857,-0.047813732,-0.0006985213,0.002825107,-0.008760011,0.0008443312,-0.0008330828,0.00047392186,-0.0043463153,0.00079792953
-0.16653676,-0.00806755,0.0,0.5605698,-0.14209986,-0.025263391,-0.017555472,-1.1336794,1.7440709,-0.12958787,-0.05471916,3.0528767,0.14849846,0.00051235216,-0.0896825,0.0060075587,-0.0011752279,0.005421941,-0.0673023,-0.0015467181,0.0,0.0,0.0,0.0,-0.006892615,0.0104310755,-0.0029422143,0.003055394,-8.463422e-06,-0.041454088,-0.0050267577,0.002516897,0.038592894,0.0024051592,-0.00017093254,0.0059845382
2.4523308,0.14514434,0.0,-1.2796689,-0.069883764,-0.013717474,-0.023824558,0.44879514,-0.27813733,1.639848,0.10505194,24.343674,-0.10825824,-0.05832802,0.0035491332,0.0076235095,-0.0005469643,-0.0003903383,0.3301656,-0.0010517522,0.0,0.0,0.0,0.0,-0.006798025,0.0020354248,0.00036003537,0.004247313,-0.0006054047,0.07580031,-0.004352356,-0.015580727,-0.0031665138,0.003974926,-0.001402059,0.0055834046
-0.051997565,-0.006227634,0.0,1.1872141,-0.12984449,-0.049715545,-0.01153353,-0.19383994,0.5445167,-0.06787735,-0.013463195,5.9640436,0.40304708,0.00051235216,0.0026017523,0.004383598,-0.0008690167,-0.00029499544,0.030132962,0.0019932876,0.0,0.0,0.0,0.0,0.050228313,0.0038765622,0.00058194605,0.005117067,-0.0007702011,0.009317165,-0.0040391637,0.005679327,0.0013905714,0.004633484,-0.0014469066,0.014534306
-0.21713452,0.031620562,0.0,-4.4741945,-0.18388057,0.08988464,0.05651335,-0.18029465,1.3228124,0.026368642,-0.012406274,-8.668586,-0.14269978,0.00051235216,0.007419365,0.005982483,-0.0007231075,-0.00070225366,0.021899011,0.0003743233,0.0,0.0,0.0,0.0,0.05570522,0.002116249,0.00018022032,0.0030107975,-0.0015019296,0.0017170666,-0.0037414203,0.0034095114,-0.00021655844,0.0014738272,-0.001313821,-0.0019069148
0.5059041,0.009265106,0.0,0.9030105,-0.0776103,-0.00921835,0.0045600706,0.24288633,0.3123551,0.40086448,0.1428308,29.738201,0.29298759,0.008044349,0.0024660411,0.0047193207,-0.0005519203,-0.00026693,0.38591704,-0.00084568077,0.0,0.0,0.0,0.0,-0.009561314,0.010467636,0.00038796876,0.0012432861,-0.0011116578,-0.036307916,-0.004328327,0.0064264005,-0.005187292,0.0106078815,-0.00084430625,-0.00809977
-0.16846544,-0.008840999,0.0,-0.33403963,-0.110288285,-0.030610725,0.022430748,-0.016885208,-0.56533325,-0.17090224,-0.027707018,5.9050264,-0.09897141,0.00051235216,0.005332396,0.006438029,-0.00054268446,-0.0003487246,-0.043257333,-0.0007510139,0.0,0.0,0.0,0.0,-0.0072824177,0.0057224217,-0.00039930822,0.020312455,-0.0009998059,0.002344228,-0.0016204802,-0.0044161575,0.015361579,0.0013188111,-0.0027599025,0.017978951
-0.11610463,-0.012615046,0.0,-2.468436,-0.063509986,0.0830174,0.023313021,1.0449883,0.55535096,-0.13935912,0.0031772556,-27.699177,0.027540125,0.00051235216,0.008421481,0.006170686,-0.015625589,-0.00040422363,-0.07822203,-0.0003073696,0.0,0.0,0.0,0.0,0.034197662,0.0029381027,-0.0012395604,0.0026270954,-0.008885059,0.0019771897,-0.0077543887,0.005295342,-0.00048742018,0.0014062609,-0.002874198,-0.0058371844
-0.29884276,0.009155885,0.0,1.0134567,-0.097138986,0.04808407,-0.13932297,-0.68269044,0.19631374,0.43872356,0.14004508,25.964727,0.2923026,0.008044349,0.0023046916,0.0045857662,0.0009666441,-0.00037008975,0.15002091,-0.0008720457,0.0,0.0,0.0,0.0,-0.003073297,0.0015415014,-0.0012085071,0.0018061115,-0.0005300633,0.0013921722,-0.0017512522,0.001569581,-0.000985843,0.0124390265,-0.001247381,-0.055096433
-0.08028334,-0.011037767,0.0,2.389674,-0.35813627,-0.05053814,0.06140094,-2.3264737,1.2256583,-0.14107981,-0.035044815,-7.5797825,0.3222486,0.0004023509,-0.13402668,-0.02671141,0.0013545607,-0.00010732591,-0.08831812,-0.0016499825,0.0,0.0,0.0,0.0,-0.009443856,0.0035417662,-0.0025929098,0.0015207133,0.007748848,0.0055163302,0.044812225,0.00018633102,-0.001639319,0.0011572406,0.0007026581,-0.11293733
0.12476488,0.09476692,0.0,-1.8980366,-0.074795224,0.14851308,-0.014816764,0.43662357,-0.5219975,-0.15174493,0.2634216,14.677342,-0.155388,-0.1667069,0.000947675,0.011266885,-0.0005469643,-0.00036353694,0.6046431,-0.00093870715,0.0,0.0,0.0,0.0,-0.011489827,0.0031703266,0.0003115479,-0.28515267,-0.000574165,0.002062054,-0.0047608525,0.0066445414,0.00030626956,0.002120057,0.00032900597,0.0057653766
-0.08042869,-0.011439751,0.0,0.32515293,-0.11959832,0.036054727,-0.008974637,0.062248953,-0.8706712,-0.25381118,-0.044084694,6.2906466,0.05295288,0.00051235216,0.0040501812,0.004526983,-0.0005891986,-0.0003674933,-0.019818354,-0.00032703058,0.0,0.0,0.0,0.0,-0.008566643,0.002967031,0.00012747347,0.020307466,-0.0012257082,0.0032547617,-0.00096372183,0.0030291425,-0.0004061528,-0.0007053226,-0.0023927644,-0.16514258
-0.026524698,-0.0009988139,0.0,1.2353971,-0.100368105,0.027841682,-0.018452678,-0.09354837,1.2666074,0.0326892,0.054525554,10.329624,0.27201813,0.0012775246,0.002194182,0.004302747,-0.0005609132,-0.00029499544,-0.035630137,-0.0004993237,0.0,0.0,0.0,0.0,-0.008382795,0.019994665,0.00043897837,0.0015437009,-0.0010457136,0.00590956,0.018476842,0.008030008,-0.001020661,0.010266312,-0.0016122275,0.009232387
-0.09838831,-0.008244144,0.0,2.500023,-0.34648812,-0.075763956,-0.09170454,1.1652038,-1.4314464,-0.19609506,-0.026064206,-3.7710087,-0.379803,0.00051235216,0.003936194,0.004847415,-0.0005333931,-0.0007659108,-0.076695085,-0.014828184,0.0,0.0,0.0,0.0,0.001551168,-0.0010236477,-0.0026134104,0.0018029934,-0.00041447888,0.009850936,-0.0064300383,0.0059279413,-0.0037356233,0.0041416,0.07176622,0.005791835
-0.26605508,-0.053737514,0.0,-2.2658045,-0.15852861,-0.10349072,0.022800796,-2.2831,-0.7071266,-0.1252691,-0.019457228,-18.395014,-0.38006765,0.00051235216,-0.0069833263,-0.030987015,0.00025559298,0.0038720344,-0.03696808,-0.000103848804,0.0,0.0,0.0,0.0,-0.0037373365,0.001526042,-0.0043931967,0.013469808,-0.001669383,0.0024660253,-0.0033254686,0.0003899809,-0.00019102564,-0.0006427893,-0.0010526149,-0.11232475
-0.28201842,0.008423676,0.0,0.965377,-0.09523724,-0.033992395,-0.019876907,-0.096960284,0.4178309,0.5524641,-0.042038288,27.364428,0.27582365,0.008044349,0.0013013851,0.005218948,-0.0005644713,-0.0003782041,0.11656004,0.001150338,0.0,0.0,0.0,0.0,0.018495731,0.0047236537,0.0003917583,0.0018229171,-0.0009280874,0.006802207,0.00012355956,-0.00053662533,-0.0029987167,0.014392179,-0.001105894,-0.0008055908
-0.022129048,-0.0011759463,0.0,1.1511474,-0.1284767,0.13520016,0.05431657,0.46536008,-0.71699625,-0.18638875,-0.062368147,10.876691,0.26685053,0.0012775246,0.0019942024,0.004986405,-0.00056093046,-0.000443761,-0.0409238,-0.00065606716,0.0,0.0,0.0,0.0,-0.010880049,0.0054842047,0.00040108874,0.0014834187,-0.00056564907,0.0024825952,-0.002969337,0.0008561856,-0.0045604995,0.0017937643,0.009012885,0.004722308
-0.124329604,-0.01226525,0.0,-0.44403934,-0.2429819,0.0024827519,0.027293952,0.6015571,0.5303488,-0.21575467,-0.03783877,-2.812048,-0.09617122,0.00051235216,0.008697748,0.0067336233,-0.0010719595,-0.00018495996,-0.085983776,3.076069e-05,0.0,0.0,0.0,0.0,-0.003394815,0.00994215,-0.0022342524,0.003027753,-0.0002867916,0.0016780556,-0.008085098,0.0010105801,-0.007828127,0.0013256107,-0.0014299075,0.0024285417
0.09823232,0.09368423,0.0,-5.405759,-0.19338539,-0.008478506,3.2830936e-05,-0.7230929,-1.1167182,-0.1372989,-0.01905706,-6.9003983,-0.24206156,0.00051235216,0.0051303273,0.0058334456,0.011426383,-0.0002900536,0.031702977,-0.010325361,0.0,0.0,0.0,0.0,-0.0018669135,0.0015388883,0.17343137,0.0030446402,4.241784e-05,0.0022207438,-0.0034867104,0.00060844,0.0009101281,0.0012121772,-0.0017734903,0.005408667
-0.012017119,0.0023988292,0.0,1.1132079,-0.10514258,0.4286845,-0.057768773,0.27042705,0.39142334,0.6589029,-0.06647119,19.078363,0.4202849,0.0012349295,0.00220054,0.0052426844,-0.0005469643,-0.00038862723,0.11436045,-0.00058979064,0.0,0.0,0.0,0.0,-0.007818709,0.0031631596,0.0006565613,0.0017012854,-0.0013042247,0.0046901978,-0.0019803785,-0.0023141846,-0.0049578287,0.0031108218,0.0061483853,0.006254107
-0.08088203,-0.008619351,0.0,-4.0277166,-0.13937208,0.8562157,0.02319694,0.5995512,1.5355912,0.3129896,0.004964104,-3.054859,-0.17528757,0.00051235216,0.0061205574,0.0069962456,-0.0005301335,-0.0001341787,-0.0037113023,0.00028690603,0.0,0.0,0.0,0.0,-0.004105877,0.0023748018,-0.0015783638,0.0029962123,-0.0009171175,0.0018609485,-0.007014451,0.003942483,0.04029135,0.003974279,-0.0013044972,-0.0063788523
-0.15190999,-0.020814452,0.0,-2.3895562,-0.086725764,-0.011613526,0.0024022136,0.93039596,-0.7406254,-0.15597197,-0.019854223,-22.151867,-0.13445488,0.00051235216,0.010491848,0.009414749,-0.016986376,-0.00076038984,-0.09969851,-0.00091073685,0.0,0.0,0.0,0.0,-0.0035693634,0.0008091253,-0.0010661109,-0.05388924,-0.0025641038,0.0035388088,-0.008296466,0.0010092239,-0.0016179358,0.0012312776,-0.0018269864,-6.627529e-05
-0.38407308,-0.020607892,0.0,-2.172568,-0.14740334,-0.010376891,0.0053577116,0.032703232,-0.6939771,-0.13889708,-0.018815488,-17.4233,-0.3043459,0.00051235216,0.014342768,0.0056282612,-0.001872408,-0.00069957506,-0.042216744,-0.0016087998,0.0,0.0,0.0,0.0,-0.0033905576,0.0019435524,0.00018960431,0.0030446402,0.03161342,0.0028125877,-0.0037302908,0.0007264811,-0.0015689709,0.0008670864,-0.0009824551,0.0025174993
-0.13599816,-0.021359127,0.0,-1.8772228,-0.09922899,-0.00021186117,0.071187966,-0.026724268,-0.7332323,-0.14299001,-0.020132637,-21.146456,-0.18401349,0.00051235216,0.010244044,0.005699723,-0.0018889338,-0.00069957506,-0.10323566,0.0006460324,0.0,0.0,0.0,0.0,0.032143895,0.003073627,-0.001029395,0.0030426483,-0.013222637,0.0027838356,-0.0018942344,0.0043940325,-0.0005907562,0.0012414561,-0.0013741452,0.008284925
-0.120020784,-0.00954144,0.0,2.2772586,-0.32407728,-0.1272662,-0.029484237,1.3968363,-1.6100839,-0.16626404,-0.029512027,-4.252912,0.2482598,0.00051235216,0.003840275,0.0049722684,-0.0008219266,-0.0009976764,-0.09654557,-0.010726144,0.0,0.0,0.0,0.0,-0.0036519566,0.0031551449,-0.0010269465,0.0014179042,-0.00048140957,-0.068881825,-0.008696679,-0.00056495314,-0.002291091,0.0024019175,-0.0036170564,0.0021623198
-0.11922888,-0.009973224,0.0,2.2663932,-0.3014063,-0.17038126,-0.06857005,0.43652308,0.48897478,-0.15431105,-0.036709294,-3.3679862,-0.19290534,0.00051235216,0.0042631784,0.004808542,-0.0008033866,-0.00045701853,-0.06364178,-0.00073196774,0.0,0.0,0.0,0.0,-0.0043594306,0.005010754,-0.0029826774,0.0018164037,-0.0014919345,0.0008898444,-0.0024246327,0.032143883,-0.0036880558,0.0045985337,-0.0017341363,0.007199404
-0.16256434,-0.019492254,0.0,-2.3177464,-0.08165875,-0.0011632672,0.0056339195,1.3130054,-0.71545035,-0.13922603,-0.01972263,-21.907896,-0.12283994,0.00051235216,-0.010515437,-0.05584972,0.3146887,0.018983275,-0.085136145,0.01444194,0.0,0.0,0.0,0.0,0.00208619,0.003032785,-0.0010661109,0.0029982042,0.008855066,0.0038749843,-0.006153558,0.0009326566,0.00343554,0.0014755678,-0.0018042506,0.011053223
-0.19562033,-0.016261045,0.0,1.3625427,-0.265345,-0.13931201,-0.059190564,0.6972582,-1.0316075,-0.37439135,-0.039188426,2.8654592,-0.21336621,0.00051235216,0.0014123737,0.005287717,-0.00087523134,-0.00033163183,-0.07837029,-0.010509748,0.0,0.0,0.0,0.0,-0.0015069062,0.0024338595,-0.000985732,-0.03630482,-0.00036735652,0.01095151,-0.0066786823,0.0069204546,-0.0011168366,0.0034908499,-0.004016797,0.002996164
-0.025873104,-0.007551273,0.0,1.5402919,-0.21298881,0.11972145,0.059060104,-0.17452452,-0.5330612,-0.1939695,-0.031733528,2.8955452,0.34025434,0.00051235216,0.0035371918,0.004210685,-0.00086767104,-0.00030039274,0.01104371,-0.0004778811,0.0,0.0,0.0,0.0,-0.0036110114,0.0059709023,-0.0005909141,0.0015301742,-0.00097029295,-0.00073638203,0.017633304,0.002518162,0.0015191975,0.0022817808,0.0013523726,0.004141518
-0.40892306,-0.040334836,0.0,-2.2933567,-0.14492504,-0.08255669,0.0036544483,-1.5738574,-0.7135373,-0.12544774,-0.019060787,-18.070307,-0.37706968,0.00051235216,0.016919099,0.0056451806,-0.0014252395,-0.000697279,-0.040914077,-0.002152471,0.0,0.0,0.0,0.0,-0.0039044356,0.0014757541,-0.004500508,0.0030446402,-0.0023530477,0.0028089993,-0.003552375,0.0008457752,0.00088475365,6.9138056e-05,-0.0011814937,0.0011495997
-0.101205796,-0.007924978,0.0,1.5201883,-0.2396158,0.13997968,0.067049935,-0.4495039,-0.28491879,-0.26327908,-0.03263339,2.4924395,0.32474542,0.00051235216,0.0038102176,0.004017291,-0.00086406065,-0.00029524564,-0.086790115,-0.0014265447,0.0,0.0,0.0,0.0,-0.0063714404,0.004804006,-0.0013231058,0.0015305598,-0.0008919119,0.0034150179,0.019211045,0.005568001,0.0022319718,0.004138298,-0.001336887,0.004899934
-0.070215866,-0.011919064,0.0,0.2035687,-0.10326324,-0.025317801,0.0043683057,-0.35863328,0.53660667,0.19122922,-0.05666947,6.2341275,-0.074689485,0.00051235216,0.0054716533,0.005798767,-0.0005644713,-0.00017727648,0.0013010907,0.0016156407,0.0,0.0,0.0,0.0,0.07292374,0.0058157276,0.00022358938,0.020320993,-0.0009258711,0.0061631883,-0.0020635414,0.0015867574,-0.000469339,0.0029089802,-0.00014557286,0.01627229
-0.31691167,-0.037874755,0.0,-2.169885,0.28382507,0.073354885,0.023410875,0.1040981,-0.7080647,-0.14561653,-0.014612458,-16.287472,2.1023254,0.00051235216,0.010118984,0.0046201134,-0.0018688499,-0.0007753433,-0.040828664,0.008286704,0.0,0.0,0.0,0.0,-0.0038419345,0.0021625848,0.00066586124,-0.042275447,-0.0129273,0.0028053005,-0.018529141,0.0024906392,-0.002451808,0.0023186337,-0.00069269806,-0.023419533
-0.21336858,-0.006380166,0.0,2.0547907,-0.22671449,-0.008591534,-0.012655387,-0.3212072,2.1729677,-0.066414975,-0.05625825,-2.473213,0.295757,0.00051235216,0.004112366,0.0039308923,-0.00079252827,-0.00028243262,-0.07546869,-0.00016759228,0.0,0.0,0.0,0.0,-0.0027886531,0.0064663296,-0.0015251663,0.0015170118,-0.00076851505,0.0035667787,-0.0048578647,-0.00088970986,0.00046557852,0.005974757,-0.00039015975,-0.14687733
-0.09954687,-0.011269917,0.0,-2.4672098,-0.082403034,-0.096647546,-0.040850215,1.2290394,-0.5866263,-0.14497563,-0.02005061,-26.949776,0.010703619,0.00051235216,0.006183684,0.009574907,-0.015278926,-0.0006713755,-0.101958446,-0.0014769566,0.0,0.0,0.0,0.0,0.016332561,0.00276558,-0.0013300645,0.0026113165,-0.008549879,0.008766168,-0.0073737805,0.0009657716,0.0009585612,0.00042528406,-0.0044345614,0.0038923977
0.078279555,0.056173813,0.0,-5.7407575,-0.18680154,0.002644239,0.004400885,0.3199152,-1.1064746,-0.16473836,-0.020955399,-6.835186,-0.2314905,0.00051235216,0.0043367986,0.0056291115,-0.0007320463,-0.00044159885,-0.0049227974,-0.009600993,0.0,0.0,0.0,0.0,-0.0036441025,0.0021599268,-0.0005273015,0.0029982042,-0.00086310855,0.0028204084,-0.003535618,0.00076505897,-0.0020240599,0.00088049873,-0.001321532,0.0144083705
0.35715842,-0.010014102,0.0,4.751887,14.129053,0.06558374,0.076943,-0.8544062,-0.6764132,-0.07716956,-0.016170835,-0.39121807,1.4722856,0.00051235216,0.005674306,0.0038141408,-0.00067133526,-0.00027668176,-0.083931565,0.017295413,0.0,0.0,0.0,0.0,-0.004294377,0.004443598,-0.0009502762,0.001491363,-0.00090446917,0.012986025,-0.003634739,0.0014958153,-0.00034958654,0.001390564,0.022889342,-0.006908995
-0.14486682,-0.010550369,0.0,2.0876749,-0.045023423,-0.1287095,-0.040229227,-0.3999495,-1.5575329,-0.13545208,-0.024702389,-4.4244976,0.37712157,0.00051235216,0.0032322598,0.0037466928,-0.0008411766,-0.0006615171,-0.08832236,0.0065556834,0.0,0.0,0.0,0.0,-0.003687736,-0.02490534,-0.00066563813,0.0014932433,-0.0009715351,0.01645993,-0.0039574527,-0.00063947524,-0.0027184312,0.0014138939,-0.0001992842,0.007260278
-0.14091368,-0.016063865,0.0,-2.0183654,-0.12734418,-0.01369314,0.021805942,0.12898046,0.5016347,-0.0024570294,-0.030487914,1.3596047,-0.03324709,0.00051235216,0.008810217,0.0064590937,-0.00086358195,-0.00018312172,-0.010309217,-0.00044691307,0.0,0.0,0.0,0.0,-0.008931602,0.0055925357,0.00039456642,0.0029803615,-0.0010321329,0.0018485999,-0.0054364,0.033574577,0.019469926,0.0012208368,-0.00060388853,0.0047034877
-0.16035898,-0.010987932,0.0,2.2734027,-0.3358422,0.016161611,0.010225703,0.82517457,-1.5973284,-0.16949643,-0.03881742,-4.309309,0.2407399,0.00051235216,0.0033932452,0.0038070201,-0.00082465075,-0.000769195,-0.07792067,0.001409437,0.0,0.0,0.0,0.0,0.027020337,0.0030863094,-0.001013975,0.0014218163,-0.00076661113,0.005389065,-0.0075784465,0.0004360651,-0.005874549,0.0015509729,-0.0024884562,0.005587336
-0.11313872,-0.011015347,0.0,1.4673312,-0.4202492,-0.03155505,-0.0055151265,-6.4744306,-1.5445749,-0.12877953,-0.035200223,-6.0421333,-0.21588291,0.00036287346,0.003143523,0.003745695,0.00046150363,-0.00025315705,-0.0459706,-0.0064306073,0.0,0.0,0.0,0.0,0.0022797626,-0.016850986,-0.020841373,0.0037534076,0.0005002086,0.00613827,-0.0028432494,-0.00019528996,-0.00034851884,0.0013857619,-0.0017403114,-0.0006539988
-0.05749021,-0.007866101,0.0,1.3784444,-0.1147343,0.031373862,0.007956865,-0.60749483,2.1180768,-0.0580173,0.0007335135,6.304458,0.3883207,0.00051235216,-0.0010657558,0.004310175,-0.00087197893,-0.00029018996,0.021207327,-0.0005864212,0.0,0.0,0.0,0.0,-0.005869914,0.017630026,-0.002258525,0.005105918,-5.7482393e-05,0.0042976327,0.029387118,0.0010840248,0.038830422,0.010950211,-0.00077875087,0.008000067
-0.16411465,-0.010012909,0.0,2.2377338,-0.33753204,-0.14193912,-0.029735213,0.7426329,-1.5675771,-0.17871009,-0.034881704,-4.0416675,0.24579507,0.00051235216,0.003130282,0.004530018,-0.0010706813,-0.0007561933,-0.09991494,-0.00089649,0.0,0.0,0.0,0.0,-0.004084902,0.002997815,-0.0009600726,0.0013977947,-0.0017062352,0.0070798877,-0.0075974544,-0.00083424046,-0.004167072,-0.065030016,-0.0045825806,0.0016970248
0.07400126,0.003116404,0.0,0.18099153,-0.11644566,0.02781455,0.011876802,-0.17621067,-0.06245581,-0.35352868,-0.099578366,15.434117,0.050346,0.0012775246,0.006549467,0.0067387037,-0.0005609132,-0.00019783352,-0.03167469,-0.00053781056,0.0,0.0,0.0,0.0,-0.004282797,0.0068738232,0.0003917412,0.013537901,-0.0009472638,-0.024536012,-0.0029995309,0.008734526,-0.0030837655,0.0028341508,-0.00015069453,-0.005894537
-0.044575453,-0.0069262614,0.0,1.8207495,-0.27093878,-0.02311845,0.08343967,-1.1013445,0.4318752,-0.20029959,-0.03363597,-2.3674605,0.34228656,0.00051235216,-0.0002209912,0.0051153,-0.0030132928,-0.0002504021,-0.09241585,-0.000120576144,0.0,0.0,0.0,0.0,-0.0033210653,0.0029811992,-0.0048282766,0.0014897406,-0.000117468226,0.0041906587,-0.00197271,-0.00045085073,-0.001005751,-0.05305049,-0.00076180184,0.009563282
-0.052729957,-0.0014409187,0.0,1.1709696,-0.10585505,0.088633165,0.017258072,-0.11148018,0.43562803,-0.1808063,0.0385769,14.406466,0.34099802,0.0012775246,0.0021361702,0.0043633506,-0.0005609132,-0.00035875867,-0.048570205,-0.00029168537,0.0,0.0,0.0,0.0,-0.007239645,-0.042008653,0.0005418565,0.0028412899,-0.0011728043,0.0036468736,-0.002742226,-0.00039715896,-0.0031682795,0.0077021294,0.005985457,0.0056703705
0.009326008,0.017347462,0.0,1.2243321,-0.1070952,-0.022632757,0.081602715,0.69507265,0.23693044,-0.037945293,-0.035044365,10.774552,0.30256674,0.0012775246,0.0028924914,0.0045567444,-0.00055547844,-0.00023165834,-0.07391576,-0.0005231649,0.0,0.0,0.0,0.0,-0.012345282,0.005433797,0.00036851986,0.0015060044,-0.0006622422,-0.04477469,-0.002245433,0.0003719235,-0.0048633744,-0.00097177015,-0.003684067,0.0078101237
-0.053251494,-0.00698647,0.0,1.1835084,-0.06748574,0.11690318,0.07136126,-0.41820225,-1.3855653,-0.23215236,-0.030763425,6.04758,0.23191452,0.00051235216,0.0023277702,0.003996255,-0.0009155229,-0.0003701813,0.06993019,0.0026465137,0.0,0.0,0.0,0.0,0.062437106,0.0052225855,-0.0007920811,0.005103926,-0.0007558651,0.012752655,-0.002006503,0.0074242945,0.0043028663,0.0025247042,-0.001324385,0.006669963
-0.058465473,-0.021075318,0.0,-2.2350044,-0.09828757,0.0024789718,0.007733396,1.0715523,-0.7443184,-0.14850937,-0.019832065,-20.122835,-0.24140072,0.00051235216,-0.010515437,-0.060466904,0.038043946,0.018983275,-0.064134166,-0.025141155,0.0,0.0,0.0,0.0,0.0025268646,0.002141566,5.9647427e-06,0.0029982042,0.024265539,0.0035910774,-0.0072415774,0.0011673812,0.0023096893,0.0013153385,-0.0007317619,0.0035011675
-0.1384176,-0.008281531,0.0,0.34270817,-0.118173264,0.015050407,-0.010580401,0.049525958,-0.39930087,-0.12857391,-0.048762318,5.58936,0.085829146,0.00051235216,0.0064705624,0.0057808757,-0.0008690167,-0.00012858366,0.0029940214,-0.0002656169,0.0,0.0,0.0,0.0,-0.010023687,0.006129127,0.00045382918,0.020307852,0.0058892793,0.0038162805,-0.0019218875,0.0038706064,0.029807119,0.0016691844,-0.0017169894,0.0138802575
-0.046066664,0.00047682485,0.0,0.7917757,-0.09710608,0.02238769,-0.06923673,-0.55585104,0.73474115,-0.019479236,-0.0041980925,11.694835,0.22431852,0.0012775246,0.0024150282,0.0047152806,-0.00053713255,-0.00012406343,-0.06425368,-0.00069325767,0.0,0.0,0.0,0.0,-0.011891297,-0.3226046,-0.0012084882,0.0015305598,-0.0011541536,0.0023434772,-0.00322386,0.0037905907,-0.00035104438,0.008249181,-0.0019096386,0.008940417
-0.038804654,-0.006957652,0.0,1.8947515,-0.23252432,-0.19322926,-0.00278257,-0.6434211,0.17810775,-0.20612037,-0.035902932,-0.4929263,0.2839807,0.00051235216,0.0035119543,0.0055845506,-0.0008656842,-0.0006228533,-0.117513336,-0.0012759006,0.0,0.0,0.0,0.0,-0.0037063907,0.0029818113,-0.0026726685,0.0015142931,-0.0008081814,-0.00064638664,-0.0019553022,-0.00029321553,0.0015910035,0.0067593073,0.01187539,0.0059020934
-0.09914589,-0.0013379701,0.0,0.1190736,-0.10011963,0.05043521,0.016755959,-0.09232412,0.06737849,-0.07921721,-0.04731757,10.665648,0.08555876,0.0012775246,0.00617139,0.0058593703,-0.0005609132,-0.0002983043,-0.05168819,0.0017337165,0.0,0.0,0.0,0.0,0.079658575,0.00259873,0.00035346707,0.0030535941,-0.0009856814,0.0037986594,-0.0018377538,0.007175994,-0.0030288403,0.002857702,-0.0016717692,0.0034880121
1.8578074,0.029711239,0.0,0.6258455,-0.07278646,0.10485015,0.03815287,0.19615355,0.44147104,1.4302164,0.2062751,31.03371,0.20103768,0.0026254081,0.0020006113,0.00621534,-0.0005519203,-0.00037489523,0.35062194,0.0015943495,0.0,0.0,0.0,0.0,0.04859112,0.0048919804,0.0005990874,0.002256079,-0.001241418,0.07465407,-0.0018808824,0.00025653242,-0.005199402,0.004949529,-0.0013311633,0.005222942
-0.092631005,-0.0065449667,0.0,2.13955,-0.21329059,-0.3237847,-0.05806725,-0.36425734,3.0100813,-0.06292855,-0.059450086,-2.1988237,0.31878778,0.00051235216,0.00093055604,0.0048991116,-0.0007856376,-0.00052185875,-0.09707817,-0.0003530443,0.0,0.0,0.0,0.0,-0.012384381,0.006902931,-0.0013930498,0.0014973682,-0.00078598264,-0.022331282,-0.0052935523,-0.0066294037,0.0037766192,0.0039411616,-0.0012956401,0.0076657683
-0.09489229,-0.012072421,0.0,1.6885521,-0.2569791,0.10380712,0.075005464,1.07498,0.2404765,-0.2590956,-0.02412945,-0.5740035,0.31007043,0.00051235216,0.0028520282,0.0053728097,-0.0010962137,-0.00030252943,-0.1382852,0.001567216,0.0,0.0,0.0,0.0,-0.0037086129,0.0030368112,-0.00036954877,0.0014834187,-0.00029987626,0.0079929475,-0.0056834645,0.0014621117,-0.0049658143,-0.079859674,-0.0007324801,-0.0036481996
-0.17894487,-0.010695055,0.0,-2.4370358,-0.091902696,0.00086119736,0.013444869,-0.23426078,-0.5866724,-0.24794562,-0.021092486,-28.692934,-0.0074797957,0.00051235216,0.0023018867,0.0794827,-0.010442924,-0.0002226787,-0.097143374,-0.0013512509,0.0,0.0,0.0,0.0,-0.0039039631,0.0015282978,-0.0005833421,-0.050115805,-0.00084953016,0.002715635,-0.0040104827,0.0009147207,-0.00074226,-0.00013123323,-0.00092206214,0.0020929696
-0.07734967,0.009573886,0.0,0.78776866,-0.09318188,0.021547295,0.0064683813,0.65007025,1.2494987,0.16426772,0.29090518,13.947863,0.17940669,0.0012775246,0.0048629455,0.0058593703,-0.0005519203,-0.0005307304,-0.051599357,0.0020241346,0.0,0.0,0.0,0.0,0.096525855,0.002887995,0.00019740395,0.0035389625,-0.00038298356,0.0011196,-0.003274755,0.007552741,-0.002063676,0.0062362654,-0.00077878294,-0.003967582
-0.009902008,0.001765802,0.0,1.1296054,-0.09996922,0.048045382,-0.009364183,0.66401345,1.0491365,0.109917134,0.029928468,11.00161,0.28378436,0.0012775246,0.0021094782,0.0043633506,-0.0005519203,-0.00013471414,-0.045399476,-0.0003979813,0.0,0.0,0.0,0.0,-0.016430687,-0.3257179,0.00019740395,0.0015042042,-0.00043638053,0.005986145,-0.0024572532,0.01127152,-0.003502098,0.008299793,-0.0014771502,-0.0029913548
-0.12583831,-0.012662504,0.0,-2.4394424,-0.09326319,-0.09453052,0.0058567165,-1.1484303,-0.762936,-0.13330476,-0.019928351,-23.376116,-0.16312867,0.00051235216,-0.25773284,-0.038095146,-0.016175041,-0.00068232557,-0.13279927,-0.0018947957,0.0,0.0,0.0,0.0,-0.010928168,0.0020715494,-0.0068865404,-0.05334583,0.014431421,0.003413859,-0.0034131058,0.00048365095,0.0011017601,0.0004440301,-0.0010969357,0.00047618314
-0.16583815,-0.016034449,0.0,-5.314748,-0.18928991,-0.03081399,-0.0022424918,0.9999311,-1.0098418,-0.15005745,-0.022262096,-9.240489,-0.16945896,0.00051235216,0.006216773,0.0056291115,-0.0007320463,-0.0007784857,0.070973106,-0.0015932621,0.0,0.0,0.0,0.0,-0.005703801,0.0021441453,4.5174787e-05,0.0029982042,0.0025983995,0.0029220595,-0.0067297993,0.0008925105,-0.0017564571,0.0015250539,-0.0026655123,0.00051024935
-0.09505487,-0.011406277,0.0,1.1076225,-0.3339256,-0.072071984,-0.0061230953,-8.433965,-1.3566091,-0.1288262,-0.034870163,-10.64155,-0.15704183,0.00036287346,0.002589781,0.0037310477,0.00063095946,-0.00015148244,-0.07244556,-0.020531649,0.0,0.0,0.0,0.0,0.015951706,0.0017342251,-0.003814066,0.0037518411,0.00051198795,0.00616477,-0.0028465039,0.002322596,-0.0004429322,0.0011587061,-0.0014555345,-0.115029216
-0.15802915,-0.010452466,0.0,-1.9325505,-0.26990438,-0.021913277,0.023574876,0.5841556,-1.3306847,-0.14253464,-0.020025061,-6.0207233,0.06428626,0.00051235216,0.0067726225,0.0056901714,-0.0007936057,-0.0002725563,-0.15388851,-0.0007575402,0.0,0.0,0.0,0.0,-0.0072933706,-0.044428978,-0.0030318913,0.0030272384,-0.00085529947,0.0013562174,-0.022675006,0.004951574,1.4355763e-05,0.0026212505,-0.0028209132,-0.027778732
-0.080713496,-0.015411028,0.0,-0.8762064,-0.17687832,-0.12686755,0.013719332,1.4378883,0.8943028,-0.13113882,-0.020045742,-15.680852,1.7673875,0.00051235216,0.011072933,0.009612792,-0.0008577103,-0.00037510946,-0.08567244,-0.00804633,0.0,0.0,0.0,0.0,-0.0030065877,0.0055698818,-0.0012193354,0.0026046685,-0.0030939926,0.0086188605,-0.025543036,-0.00025123957,0.0026683093,0.0022892733,-0.0044390555,-0.023930412
-0.0776643,-0.0002037088,0.0,1.148102,-0.09631509,0.015583165,-0.015897688,0.24551849,1.5737085,0.22739273,0.28766787,14.891908,0.36293745,0.0012775246,0.0026518502,0.0041002263,-0.0005519203,-0.0005307304,-0.07026676,-0.0002715385,0.0,0.0,0.0,0.0,-0.010927175,0.006130628,0.00037205438,0.0028149341,-0.0011111121,0.0015493131,-0.002676264,0.0021780187,-0.0015683555,0.005867586,0.0060046995,-0.0607013
0.03107129,-0.01117501,0.0,2.406303,-0.33979484,-0.0062818583,0.01730306,-1.2993287,1.1768137,-0.13367248,-0.037722655,-6.901826,0.33114013,0.00051235216,0.0037128096,0.0043379497,-0.00016423152,-0.00021457541,-0.087918445,-0.0009473731,0.0,0.0,0.0,0.0,-0.004030412,0.0043115024,-0.0027949146,0.0014930984,-0.00027424225,0.004664962,0.04770085,0.0012685254,-0.00047170522,0.0030097154,-0.00089565915,0.0011868349
-0.15738468,-0.0141362,0.0,-1.5732479,-0.12127197,-0.04072795,0.022545148,0.2784686,1.4075462,0.47677422,-0.026744783,1.2727749,-0.07357977,0.00051235216,0.0074422644,0.006236589,-0.00086002384,-0.00017981285,-0.023433257,0.002242408,0.0,0.0,0.0,0.0,0.07846702,0.0026743002,0.00031742852,0.0030272384,-0.0009779102,0.0008997659,-0.0052496064,0.005644126,0.02051554,0.004281202,-0.0011889429,-0.004557755
-0.09008583,0.022473758,0.0,-3.9592898,-0.14914836,-0.041291606,0.004567984,0.5971006,-0.8045436,-0.22606036,-0.024351014,-3.087595,-0.25860757,0.00051235216,0.004748695,0.0065685473,-0.0016225642,-0.00045249768,-0.04667479,-0.0012091163,0.0,0.0,0.0,0.0,-0.008371556,0.0021699918,-0.0017744697,0.0029738047,-0.00090127264,0.0028304327,-0.0028516832,0.001021152,-0.0020465294,0.0011142059,-0.00080400484,0.0074900445
0.056298472,-0.010418131,0.0,2.4537604,0.32422224,-0.020170765,-0.015258293,-0.3352576,1.0158873,-0.13441172,-0.034428857,-6.6307077,0.9143833,0.00051235216,0.0031290667,0.0038622427,-0.0006271936,-0.0002456479,-0.08101261,0.0075870054,0.0,0.0,0.0,0.0,-0.0030913863,0.0070765503,-0.00011308301,0.001495709,-0.0009866431,0.008538668,-0.009657238,-0.00072146754,-0.0024705352,0.0045952923,0.00032878193,-0.0018358574
-0.15854836,-0.011497812,0.0,-2.4277499,-0.09247927,-0.04455545,-0.0063638645,-0.7618925,-0.59724677,-0.20984247,-0.019494705,-29.247377,-0.024138886,0.00051235216,-0.25695518,-0.516565,0.006637299,-0.00023533605,-0.093999885,-0.0014941675,0.0,0.0,0.0,0.0,-0.0094333645,0.0021059378,-0.0024582804,0.002636112,-0.10296487,0.0033196544,-0.0020511947,0.001177827,0.0014053585,-0.0003018022,-0.000866911,0.003188077
-0.021901315,0.013370937,0.0,1.1265728,-0.094029866,0.033988193,-0.015358707,0.336969,0.7906356,0.62983894,0.054927636,17.869343,0.36973146,0.0012775246,0.0021739278,0.005218948,-0.0005519203,-0.00016327822,0.08277754,-0.00031832303,0.0,0.0,0.0,0.0,-0.008317486,-0.05759348,0.0005796642,0.0016838999,-0.0011047524,0.0060104453,-0.0030359842,0.0052589504,-0.004972945,0.008409769,0.005627065,0.0017049767
0.010746808,0.011729292,0.0,0.7441979,-0.08754065,0.07671422,-0.017959457,-0.44582692,1.440036,0.62149787,0.21512206,17.320517,0.25895953,0.0012775246,0.0052808104,0.008642384,-0.0005609132,-0.0003187541,0.07635396,0.0006368265,0.0,0.0,0.0,0.0,0.025682805,0.0019602901,-0.0018939469,0.0018061115,-0.0011007568,0.0035614432,-0.0022244195,0.00301201,0.0029051646,0.009681158,-0.0003190106,0.006285189
-0.046571936,0.0013548258,0.0,1.229029,-0.09969911,0.0074546,-0.015872411,0.22994108,0.28572944,-0.09351463,-0.07218235,13.129348,0.39544043,0.0012775246,0.0021800292,0.004302747,-0.0005519203,-0.00030414955,-0.045423277,0.0028957743,0.0,0.0,0.0,0.0,0.09228257,0.0039580003,0.00052548485,0.0028280753,-0.0010653452,0.006679292,-0.0017098213,0.0005349295,-0.0047956565,0.003780552,0.0058996016,0.004681578
-0.082566746,-0.0073527796,0.0,2.0086427,-0.14027295,0.10183304,-0.015693523,-0.7855574,2.4533565,0.016786238,-0.01599721,-0.69436234,0.30789223,0.00051235216,-0.0008365679,0.004781759,-0.0009794538,-0.00029018996,-0.1084176,0.024719166,0.0,0.0,0.0,0.0,-0.005147854,0.0043295333,-0.0026207182,0.0015437009,-0.0007648708,0.0049365754,-0.0050642416,0.001963864,0.03626893,-0.14189066,-0.0009492477,0.0032434906
-0.029754583,-0.0020160535,0.0,1.1197368,-0.12719795,-0.03164553,-0.0039828536,-0.005223054,-0.58146155,-0.22628485,-0.03552877,11.175894,0.23724934,0.0012775246,0.0029167272,0.004599466,-0.0005644713,-0.00035599127,-0.089768566,-0.0006520175,0.0,0.0,0.0,0.0,-0.006249904,0.0054452163,0.0004579346,0.0015325518,-0.001054629,0.0068052006,-0.0031072896,0.00097621355,-0.002986004,0.0040694713,0.02899806,0.019168394
-0.05263753,-0.0054065455,0.0,1.2977651,-0.111893736,0.16219746,-0.010283651,-0.030016925,0.23452447,-0.116200246,-0.04220112,10.760746,0.2678986,0.0012775246,0.0022080748,0.004051934,-0.00055595714,-0.0002983043,-0.06407197,-0.0008916263,0.0,0.0,0.0,0.0,-0.007923896,0.003375379,0.00066396967,0.0015331703,-0.0012616673,0.001567085,-0.0018338838,-0.021084264,-0.003147708,0.0048699826,-0.0044722687,0.017431337
-0.121237166,0.032793783,0.0,-5.3612885,-0.185019,-0.0053361305,0.0035902986,1.1402845,-1.0030655,-0.15065978,-0.01990092,-9.238302,-0.13442717,0.00051235216,0.00622987,0.0057675,-0.0007320463,-0.0007784857,0.087503806,-0.009069209,0.0,0.0,0.0,0.0,-0.005703801,-1.8289453e-05,-4.938067e-05,0.0029982042,-0.0017207526,0.0035650616,-0.006735443,0.0016860076,-0.0017564571,0.0014640711,-0.0020941838,0.0021199547
-0.12965263,0.010613504,0.0,1.0133011,-0.09028278,0.11817833,0.028675174,-0.36657757,1.7143165,0.5367608,0.26685503,20.814354,0.2528829,0.008044349,-0.0020537113,0.0052501126,-0.00053713255,-0.00037008975,0.17457224,0.0006070349,0.0,0.0,0.0,0.0,0.015099549,0.001822501,-0.0012084882,0.0018061115,-0.0011269784,-0.00043935652,-0.002167666,0.0013108894,0.002340695,0.016611567,-0.002192113,0.0042326944
